StationID,StationName,Latitude,Longitude,EventCount
72,W 52 St & 11 Ave,40.76727216,-73.99392888,2797
79,Franklin St & W Broadway,40.71911552,-74.00666661,2092
82,St James Pl & Pearl St,40.71117416,-74.00016545,771
83,Atlantic Ave & Fort Greene Pl,40.68382604,-73.97632328,1079
119,Park Ave & St Edwards St,40.69608941,-73.97803415,221
120,Lexington Ave & Classon Ave,40.68676793,-73.95928168,786
127,Barrow St & Hudson St,40.73172428,-74.00674436,4270
128,MacDougal St & Prince St,40.72710258,-74.00297088,4735
143,Clinton St & Joralemon St,40.69239502,-73.99337909,1738
144,Nassau St & Navy St,40.69839895,-73.98068914,565
146,Hudson St & Reade St,40.71625008,-74.0091059,2055
150,E 2 St & Avenue C,40.7208736,-73.98085795,2113
151,Cleveland Pl & Spring St,40.72210379,-73.99724901,5352
152,Warren St & Church St,40.71473993,-74.00910627,339
157,Henry St & Atlantic Ave,40.69089272,-73.99612349,1424
161,LaGuardia Pl & W 3 St,40.72917025,-73.99810231,4586
164,E 47 St & 2 Ave,40.75323098,-73.97032517,1913
167,E 39 St & 3 Ave,40.7489006,-73.97604882,2992
168,W 18 St & 6 Ave,40.73971301,-73.99456405,5207
173,Broadway & W 49 St,40.76068327,-73.98452729,4423
174,E 25 St & 1 Ave,40.7381765,-73.97738662,3000
195,Liberty St & Broadway,40.70905623,-74.01043382,2790
212,W 16 St & The High Line,40.74334935,-74.00681753,3378
216,Columbia Heights & Cranberry St,40.70037867,-73.99548059,721
217,Old Fulton St,40.70277159,-73.99383605,2290
223,W 13 St & 7 Ave,40.73781509,-73.99994661,86
228,E 48 St & 3 Ave,40.7546011,-73.97187886,1832
229,Great Jones St,40.72743423,-73.99379025,5668
232,Cadman Plaza E & Tillary St,40.69597683,-73.99014892,1129
236,St Marks Pl & 2 Ave,40.7284186,-73.98713956,3932
237,E 11 St & 2 Ave,40.73047309,-73.98672378,4110
238,Bank St & Washington St,40.7361967,-74.00859207,669
239,Willoughby St & Fleet St,40.69196566,-73.9813018,2120
241,DeKalb Ave & S Portland Ave,40.68981035,-73.97493121,1084
242,Carlton Ave & Flushing Ave,40.697787,-73.973736,988
243,Fulton St & Rockwell Pl,40.688226,-73.979382,828
244,Willoughby Ave & Hall St,40.69196035,-73.96536851,1248
245,Myrtle Ave & St Edwards St,40.69327018,-73.97703874,566
247,Perry St & Bleecker St,40.73535398,-74.00483091,2439
248,Laight St & Hudson St,40.72185379,-74.00771779,891
249,Harrison St & Hudson St,40.71870987,-74.0090009,1311
251,Mott St & Prince St,40.72317958,-73.99480012,3645
252,MacDougal St & Washington Sq,40.73226398,-73.99852205,2683
253,W 13 St & 5 Ave,40.73543934,-73.99453948,207
254,W 11 St & 6 Ave,40.73532427,-73.99800419,4244
257,Lispenard St & Broadway,40.71939226,-74.00247214,1930
258,DeKalb Ave & Vanderbilt Ave,40.68940747,-73.96885458,1481
259,South St & Whitehall St,40.70122128,-74.01234218,1964
260,Broad St & Bridge St,40.70365182,-74.01167797,1165
261,Johnson St & Gold St,40.69474881,-73.98362464,1021
262,Washington Park,40.6917823,-73.9737299,940
264,Maiden Ln & Pearl St,40.70706456,-74.00731853,1548
265,Stanton St & Chrystie St,40.72229346,-73.99147535,3506
266,Avenue D & E 8 St,40.72368361,-73.97574813,1247
267,Broadway & W 36 St,40.75097711,-73.98765428,2834
268,Howard St & Centre St,40.71910537,-73.99973337,3131
270,Adelphi St & Myrtle Ave,40.69308257,-73.97178913,1451
274,Lafayette Ave & Fort Greene Pl,40.68691865,-73.976682,1373
275,Washington Ave & Greene Ave,40.68650065,-73.96563307,762
276,Duane St & Greenwich St,40.71748752,-74.0104554,1601
278,Concord St & Bridge St,40.69766564,-73.98476437,590
279,Peck Slip & Front St,40.707873,-74.00167,2408
280,E 10 St & 5 Ave,40.73331967,-73.99510132,523
281,Grand Army Plaza & Central Park S,40.7643971,-73.97371465,7144
282,Kent Ave & S 11 St,40.70764494,-73.96841526,1388
284,Greenwich Ave & 8 Ave,40.73901691,-74.00263761,1897
285,Broadway & E 14 St,40.73454567,-73.99074142,7046
289,Monroe St & Classon Ave,40.6845683,-73.95881081,600
291,Madison St & Montgomery St,40.713126,-73.984844,1353
293,Lafayette St & E 8 St,40.73020661,-73.99102628,5973
295,Pike St & E Broadway,40.71406667,-73.99293911,2041
296,Division St & Bowery,40.71413089,-73.9970468,2248
297,E 15 St & 3 Ave,40.734232,-73.986923,4123
301,E 2 St & Avenue B,40.72217444,-73.98368779,3081
302,Avenue D & E 3 St,40.72082834,-73.97793172,1831
303,Mercer St & Spring St,40.72362738,-73.99949601,3072
304,Broadway & Battery Pl,40.70463334,-74.01361706,3267
305,E 58 St & 3 Ave,40.76095756,-73.96724467,3151
306,Cliff St & Fulton St_1,40.70823502,-74.00530063,1610
307,Canal St & Rutgers St,40.71427487,-73.98990025,3763
308,St James Pl & Oliver St,40.71307916,-73.99851193,1744
309,Murray St & West St,40.7149787,-74.013012,2456
310,State St & Smith St,40.68926942,-73.98912867,1286
311,Norfolk St & Broome St,40.7172274,-73.98802084,2322
312,Allen St & Stanton St,40.722055,-73.989111,3720
313,Washington Ave & Park Ave,40.69610226,-73.96751037,959
314,Cadman Plaza West & Montague St,40.69383,-73.990539,1483
315,South St & Gouverneur Ln,40.70355377,-74.00670227,3449
316,Fulton St & William St,40.70955958,-74.00653609,1519
317,E 6 St & Avenue B,40.72453734,-73.98185424,3012
319,Fulton St & Broadway,40.711066,-74.009447,2814
320,Leonard St & Church St,40.717571,-74.005549,1771
321,Cadman Plaza E & Red Cross Pl,40.69991755,-73.98971773,1881
322,Clinton St & Tillary St,40.696192,-73.991218,1181
323,Lawrence St & Willoughby St,40.69236178,-73.98631746,2078
324,DeKalb Ave & Hudson Ave,40.689888,-73.981013,1439
325,E 19 St & 3 Ave,40.73624527,-73.98473765,3229
326,E 11 St & 1 Ave,40.72953837,-73.98426726,3617
327,Vesey Pl & River Terrace,40.7153379,-74.01658354,4534
328,Watts St & Greenwich St,40.72405549,-74.00965965,2524
330,Reade St & Broadway,40.71450451,-74.00562789,1865
331,Pike St & Monroe St,40.71173107,-73.99193043,1308
332,Cherry St,40.71219906,-73.97948148,1536
334,W 20 St & 7 Ave,40.74238787,-73.99726235,3062
335,Washington Pl & Broadway,40.72903917,-73.99404649,3474
336,Sullivan St & Washington Sq,40.73047747,-73.99906065,3502
337,Old Slip & Front St,40.7037992,-74.00838676,1246
339,Avenue D & E 12 St,40.72580614,-73.97422494,947
340,Madison St & Clinton St,40.71269042,-73.98776323,1473
341,Stanton St & Mangin St,40.71782143,-73.97628939,679
342,Columbia St & Rivington St,40.71739973,-73.98016555,1721
343,Clinton Ave & Flushing Ave,40.69794,-73.96986848,786
344,Monroe St & Bedford Ave,40.6851443,-73.95380904,830
345,W 13 St & 6 Ave,40.73649403,-73.99704374,386
346,Bank St & Hudson St,40.73652889,-74.00618026,3785
347,Greenwich St & W Houston St,40.728846,-74.008591,3838
349,Rivington St & Ridge St,40.71850211,-73.98329859,1580
350,Clinton St & Grand St,40.71559509,-73.9870295,2196
351,Front St & Maiden Ln,40.70530954,-74.00612572,1642
353,S Portland Ave & Hanson Pl,40.68539567,-73.97431458,790
354,Emerson Pl & Myrtle Ave,40.69363137,-73.96223558,1097
355,Bayard St & Baxter St,40.71602118,-73.99974372,2630
356,Bialystoker Pl & Delancey St,40.71622644,-73.98261206,1752
357,E 11 St & Broadway,40.73261787,-73.99158043,2180
358,Christopher St & Greenwich St,40.73291553,-74.00711384,5999
359,E 47 St & Park Ave,40.75510267,-73.97498696,5442
360,William St & Pine St,40.70717936,-74.00887308,1423
361,Allen St & Hester St,40.71605866,-73.99190759,3200
362,Broadway & W 37 St,40.75172632,-73.98753523,1789
363,West Thames St,40.70834698,-74.01713445,2732
364,Lafayette Ave & Classon Ave,40.68900443,-73.96023854,1163
365,Fulton St & Grand Ave,40.68223166,-73.9614583,876
366,Clinton Ave & Myrtle Ave,40.693261,-73.968896,1617
368,Carmine St & 6 Ave,40.73038599,-74.00214988,5924
369,Washington Pl & 6 Ave,40.73224119,-74.00026394,2680
372,Franklin Ave & Myrtle Ave,40.69454609,-73.95801365,577
373,Willoughby Ave & Walworth St,40.69331716,-73.95381995,421
376,John St & William St,40.70862144,-74.00722156,1576
377,6 Ave & Canal St,40.72243797,-74.00566443,2900
379,W 31 St & 7 Ave,40.749156,-73.9916,5169
380,W 4 St & 7 Ave S,40.73401143,-74.00293877,1124
382,University Pl & E 14 St,40.73492695,-73.99200509,6467
383,Greenwich Ave & Charles St,40.735238,-74.000271,4641
386,Centre St & Worth St,40.71494807,-74.00234482,1870
387,Centre St & Chambers St,40.71273266,-74.0046073,5570
388,W 26 St & 10 Ave,40.74971775,-74.00295035,2953
389,Broadway & Berry St,40.71044554,-73.96525063,1600
390,Duffield St & Willoughby St,40.69221589,-73.9842844,1297
391,Clark St & Henry St,40.69760127,-73.99344559,2172
392,Jay St & Tech Pl,40.695065,-73.987167,1855
393,E 5 St & Avenue C,40.72299208,-73.97995466,1672
394,E 9 St & Avenue C,40.72521311,-73.97768752,2728
396,Lefferts Pl & Franklin Ave,40.68034242,-73.95576894,635
397,Fulton St & Clermont Ave,40.68415748,-73.96922273,609
398,Atlantic Ave & Furman St,40.69165183,-73.9999786,1678
399,Lafayette Ave & St James Pl,40.68851534,-73.9647628,1193
400,Pitt St & Stanton St,40.71926081,-73.98178024,695
401,Allen St & Rivington St,40.72019576,-73.98997825,3517
402,Broadway & E 22 St,40.7403432,-73.98955109,8747
403,E 2 St & 2 Ave,40.72502876,-73.99069656,3178
405,Washington St & Gansevoort St,40.739323,-74.008119,4373
406,Hicks St & Montague St,40.69512845,-73.99595065,1687
407,Henry St & Poplar St,40.700469,-73.991454,957
408,Market St & Cherry St,40.71076228,-73.99400398,1244
409,DeKalb Ave & Skillman St,40.6906495,-73.95643107,633
410,Suffolk St & Stanton St,40.72066442,-73.98517977,3691
411,E 6 St & Avenue D,40.72228087,-73.97668709,1584
412,Forsyth St & Canal St,40.7158155,-73.99422366,3165
414,Pearl St & Anchorage Pl,40.70281858,-73.98765762,1283
415,Pearl St & Hanover Square,40.7047177,-74.00926027,1634
416,Cumberland St & Lafayette Ave,40.68753406,-73.97265183,1170
417,Barclay St & Church St,40.71291224,-74.01020234,3634
418,Front St & Gold St,40.70224,-73.982578,911
419,Carlton Ave & Park Ave,40.69580705,-73.97355569,616
420,Clermont Ave & Lafayette Ave,40.68764484,-73.96968902,878
421,Clermont Ave & Park Ave,40.69573398,-73.97129668,482
422,W 59 St & 10 Ave,40.770513,-73.988038,2228
423,W 54 St & 9 Ave,40.76584941,-73.98690506,2677
426,West St & Chambers St,40.71754834,-74.01322069,6350
427,Bus Slip & State St,40.701907,-74.013942,1690
432,E 7 St & Avenue A,40.72621788,-73.98379855,5754
433,E 13 St & Avenue A,40.72955361,-73.98057249,4172
435,W 21 St & 6 Ave,40.74173969,-73.99415556,8269
436,Hancock St & Bedford Ave,40.68216564,-73.95399026,510
437,Macon St & Nostrand Ave,40.68098339,-73.95004798,1225
438,St Marks Pl & 1 Ave,40.72779126,-73.98564945,3913
439,E 4 St & 2 Ave,40.7262807,-73.98978041,4226
440,E 45 St & 3 Ave,40.75255434,-73.97282625,2311
441,E 52 St & 2 Ave,40.756014,-73.967416,2900
442,W 27 St & 7 Ave,40.746647,-73.993915,4520
443,Bedford Ave & S 9 St,40.70853074,-73.96408963,410
445,E 10 St & Avenue A,40.72740794,-73.98142006,4385
446,W 24 St & 7 Ave,40.74487634,-73.99529885,4623
447,8 Ave & W 52 St,40.76370739,-73.9851615,3630
448,W 37 St & 10 Ave,40.75660359,-73.9979009,2942
450,W 49 St & 8 Ave,40.76227205,-73.98788205,4464
453,W 22 St & 8 Ave,40.74475148,-73.99915362,4577
454,E 51 St & 1 Ave,40.75455731,-73.96592976,1517
455,1 Ave & E 44 St,40.75001986,-73.96905301,2276
456,E 53 St & Madison Ave,40.7597108,-73.97402311,2162
457,Broadway & W 58 St,40.76695317,-73.98169333,5855
458,11 Ave & W 27 St,40.751396,-74.005226,3688
459,W 20 St & 11 Ave,40.746745,-74.007756,5269
460,S 4 St & Wythe Ave,40.71285887,-73.96590294,2514
461,E 20 St & 2 Ave,40.73587678,-73.98205027,3699
462,W 22 St & 10 Ave,40.74691959,-74.00451887,5105
465,Broadway & W 41 St,40.75513557,-73.98658032,5206
466,W 25 St & 6 Ave,40.74395411,-73.99144871,4094
467,Dean St & 4 Ave,40.68312489,-73.97895137,1817
468,Broadway & W 56 St,40.7652654,-73.98192338,3629
469,Broadway & W 53 St,40.76344058,-73.98268129,2636
470,W 20 St & 8 Ave,40.74345335,-74.00004031,2771
471,Grand St & Havemeyer St,40.71286844,-73.95698119,1117
472,E 32 St & Park Ave,40.7457121,-73.98194829,4371
473,Rivington St & Chrystie St,40.72110063,-73.9919254,2074
474,5 Ave & E 29 St,40.7451677,-73.98683077,3877
476,E 31 St & 3 Ave,40.74394314,-73.97966069,3433
477,W 41 St & 8 Ave,40.75640548,-73.9900262,6717
478,11 Ave & W 41 St,40.76030096,-73.99884222,3232
479,9 Ave & W 45 St,40.76019252,-73.9912551,4312
480,W 53 St & 10 Ave,40.76669671,-73.99061728,2865
481,S 3 St & Bedford Ave,40.71260486,-73.96264403,1656
482,W 15 St & 7 Ave,40.73935542,-73.99931783,5476
483,E 12 St & 3 Ave,40.73223272,-73.98889957,4330
484,W 44 St & 5 Ave,40.75500254,-73.98014437,3095
485,W 37 St & 5 Ave,40.75038009,-73.98338988,3198
486,Broadway & W 29 St,40.7462009,-73.98855723,4138
487,E 20 St & FDR Drive,40.73314259,-73.97573881,3626
490,8 Ave & W 33 St,40.751551,-73.993934,6426
491,E 24 St & Park Ave S,40.74096374,-73.98602213,4521
492,W 33 St & 7 Ave,40.75019995,-73.99093085,5443
494,W 26 St & 8 Ave,40.74734825,-73.99723551,3955
495,W 47 St & 10 Ave,40.76269882,-73.99301222,2989
496,E 16 St & 5 Ave,40.73726186,-73.99238967,4532
497,E 17 St & Broadway,40.73704984,-73.99009296,8765
498,Broadway & W 32 St,40.74854862,-73.98808416,4349
499,Broadway & W 60 St,40.76915505,-73.98191841,7043
500,Broadway & W 51 St,40.76228826,-73.98336183,2564
501,FDR Drive & E 35 St,40.744219,-73.97121214,3379
502,Henry St & Grand St,40.714215,-73.981346,2498
503,E 20 St & Park Ave,40.73827428,-73.98751968,1256
504,1 Ave & E 16 St,40.73221853,-73.98165557,5125
505,6 Ave & W 33 St,40.74901271,-73.98848395,5430
507,E 25 St & 2 Ave,40.73912601,-73.97973776,4071
508,W 46 St & 11 Ave,40.76341379,-73.99667444,2717
509,9 Ave & W 22 St,40.7454973,-74.00197139,4434
513,W 56 St & 10 Ave,40.768254,-73.988639,2118
514,12 Ave & W 40 St,40.76087502,-74.00277668,5757
515,W 43 St & 10 Ave,40.76009437,-73.99461843,3172
516,E 47 St & 1 Ave,40.75206862,-73.96784384,1376
517,Pershing Square South,40.751581,-73.97791,4103
518,E 39 St & 2 Ave,40.74780373,-73.9734419,3955
519,Pershing Square North,40.751873,-73.977706,12026
520,W 52 St & 5 Ave,40.75992262,-73.97648516,3049
522,E 51 St & Lexington Ave,40.75714758,-73.97207836,2224
523,W 38 St & 8 Ave,40.75466591,-73.99138152,5960
524,W 43 St & 6 Ave,40.75527307,-73.98316936,3028
525,W 34 St & 11 Ave,40.75594159,-74.0021163,2762
526,E 33 St & 5 Ave,40.74765947,-73.98490707,3353
527,E 33 St & 2 Ave,40.744023,-73.976056,4286
528,2 Ave & E 31 St,40.74290902,-73.97706058,3101
529,W 42 St & 8 Ave,40.7575699,-73.99098507,3656
530,11 Ave & W 59 St,40.771522,-73.990541,3590
531,Forsyth St & Broome St,40.71893904,-73.99266288,3919
532,S 5 Pl & S 5 St,40.710451,-73.960876,2993
533,Broadway & W 38 St,40.75299641,-73.98721619,2433
534,Water - Whitehall Plaza,40.70255065,-74.0127234,1490
536,1 Ave & E 30 St,40.74144387,-73.97536082,3569
537,Lexington Ave & E 24 St,40.74025878,-73.98409214,4915
539,Metropolitan Ave & Bedford Ave,40.71534825,-73.96024116,2816
540,Lexington Ave & E 29 St,40.74311555,-73.98215353,3545
545,E 23 St & 1 Ave,40.736502,-73.97809472,4044
546,E 30 St & Park Ave S,40.74444921,-73.98303529,3034
2000,Front St & Washington St,40.70255088,-73.98940236,2460
2001,Sands St & Navy St,40.699773,-73.979927,412
2002,Wythe Ave & Metropolitan Ave,40.716887,-73.963198,2415
2003,1 Ave & E 18 St,40.73381219,-73.98054421,3545
2005,Railroad Ave & Kay Ave,40.70531194,-73.97100056,108
2006,Central Park S & 6 Ave,40.76590936,-73.97634151,6538
2008,Little West St & 1 Pl,40.70569254,-74.01677685,3641
2009,Catherine St & Monroe St,40.71117444,-73.99682619,1443
2010,Grand St & Greene St,40.72165481,-74.00234737,2831
2012,E 27 St & 1 Ave,40.739445,-73.976806,2437
2021,W 45 St & 8 Ave,40.75929124,-73.98859651,3692
2022,E 60 St & York Ave,40.759107,-73.959223,701
2023,E 55 St & Lexington Ave,40.75968085,-73.97031366,1665
3002,South End Ave & Liberty St,40.711512,-74.015756,5246
3016,Kent Ave & N 7 St,40.72036775,-73.96165073,3327
3041,Kingston Ave & Herkimer St,40.67890679,-73.94142771,345
3042,Fulton St & Utica Ave,40.6794268,-73.9298911,415
3043,Lewis Ave & Decatur St,40.6814598,-73.934903,181
3044,Albany Ave & Fulton St,40.6800105,-73.938475,160
3046,Marcus Garvey Blvd & Macon St,40.682601,-73.938037,415
3047,Halsey St & Tompkins Ave,40.6823687,-73.944118,521
3048,Putnam Ave & Nostrand Ave,40.68402,-73.94977,352
3049,Cambridge Pl & Gates Ave,40.68488,-73.96304,527
3050,Putnam Ave & Throop Ave,40.6851532,-73.94111,533
3052,Lewis Ave & Madison St,40.686312,-73.935775,487
3053,Marcy Ave & Lafayette Ave,40.6900815,-73.947915,242
3054,Greene Ave & Throop Ave,40.6894932,-73.942061,416
3055,Greene Ave & Nostrand Ave,40.6883337,-73.950916,373
3056,Kosciuszko St & Nostrand Ave,40.69072549,-73.95133465,385
3057,Kosciuszko St & Tompkins Ave,40.69128258,-73.9452416,448
3058,Lewis Ave & Kosciuszko St,40.69237074,-73.93705428,367
3059,Pulaski St & Marcus Garvey Blvd,40.6933982,-73.939877,245
3060,Willoughby Ave & Tompkins Ave,40.69425403,-73.94626915,371
3061,Throop Ave & Myrtle Ave,40.69622937,-73.94371094,185
3062,Myrtle Ave & Marcy Ave,40.69539817,-73.94954908,506
3063,Nostrand Ave & Myrtle Ave,40.69527008,-73.95238108,301
3064,Myrtle Ave & Lewis Ave,40.69681963,-73.93756926,1058
3065,Union Ave & Wallabout St,40.70029511,-73.95032283,245
3066,Tompkins Ave & Hopkins St,40.69957608,-73.94708417,387
3067,Broadway & Whipple St,40.7016657,-73.9437303,502
3068,Humboldt St & Varet St,40.7031724,-73.940636,525
3069,Lorimer St & Broadway,40.70411791,-73.94818595,334
3070,McKibbin St & Manhattan Ave,40.70510918,-73.94407279,279
3071,Boerum St & Broadway,40.70538077,-73.94976519,409
3072,Leonard St & Boerum St,40.70583339,-73.94644578,292
3073,Division Ave & Hooper St,40.70691254,-73.95441667,458
3074,Montrose Ave & Bushwick Ave,40.70767788,-73.94016171,1102
3075,Division Ave & Marcy Ave,40.70708701,-73.95796783,221
3076,Scholes St & Manhattan Ave,40.70870368,-73.9448625,700
3077,Stagg St & Union Ave,40.70877084,-73.95095259,1000
3078,Broadway & Roebling St,40.70924826,-73.96063149,1191
3080,S 4 St & Rodney St,40.70934,-73.95608,664
3081,Graham Ave & Grand St,40.711863,-73.944024,729
3082,Hope St & Union Ave,40.71167351,-73.95141312,1127
3083,Bushwick Ave & Powers St,40.71247661,-73.94100005,673
3085,Roebling St & N 4 St,40.71469,-73.95739,1134
3086,Graham Ave & Conselyea St,40.715143,-73.944507,1688
3087,Metropolitan Ave & Meeker Ave,40.71413311,-73.95234386,1208
3088,Union Ave & Jackson St,40.7160751,-73.952029,435
3090,N 8 St & Driggs Ave,40.71774592,-73.95600096,2486
3091,Frost St & Meeker St,40.71764,-73.94882,334
3092,Berry St & N 8 St,40.7190095,-73.95852515,1924
3093,N 6 St & Bedford Ave,40.71745169,-73.95850939,2952
3094,Graham Ave & Withers St,40.7169811,-73.94485918,565
3095,Graham Ave & Herbert St,40.71929301,-73.94500379,443
3096,Union Ave & N 12 St,40.71924,-73.95242,1256
3100,Nassau Ave & Newell St,40.72481256,-73.94752622,936
3101,N 12 St & Bedford Ave,40.72079821,-73.95484712,1043
3102,Driggs Ave & Lorimer St,40.72179134,-73.9504154,755
3103,N 11 St & Wythe Ave,40.72153267,-73.95782357,870
3105,N 15 St & Wythe Ave,40.724055,-73.955736,732
3106,Driggs Ave & N Henry St,40.72325,-73.94308,1107
3107,Bedford Ave & Nassau Ave,40.72311651,-73.95212324,2073
3108,Nassau Ave & Russell St,40.72557,-73.94434,1249
3109,Banker St & Meserole Ave,40.72606,-73.95621,1148
3110,Meserole Ave & Manhattan Ave,40.72708584,-73.95299117,1495
3112,Milton St & Franklin St,40.72906,-73.95779,2206
3113,Greenpoint Ave & Manhattan Ave,40.73026,-73.95394,1417
3115,India St & Manhattan Ave,40.73232194,-73.9550858,1104
3116,Huron St & Franklin St,40.73266,-73.95826,1111
3117,Franklin St & Dupont St,40.73564,-73.95866,850
3118,McGuinness Blvd & Eagle St,40.73555,-73.95284,1090
3119,Vernon Blvd & 50 Ave,40.74232744,-73.95411749,1752
3120,Center Blvd & Borden Ave,40.74161,-73.96044,472
3121,Jackson Ave & 46 Rd,40.74524768,-73.94733276,389
3122,48 Ave & 5 St,40.74436329,-73.95587325,334
3123,31 St & Thomson Ave,40.74469738,-73.93540375,294
3124,46 Ave & 5 St,40.74731,-73.95451,1203
3125,45 Rd & 11 St,40.74708586,-73.94977234,848
3126,44 Dr & Jackson Ave,40.74718234,-73.9432635,989
3127,9 St & 44 Rd,40.74966,-73.9521,254
3128,21 St & 43 Ave,40.75052534,-73.94594845,259
3129,Queens Plaza North & Crescent St,40.75110165,-73.94073717,1903
3130,21 St & Queens Plaza North,40.75325964,-73.94335788,480
3131,E 68 St & 3 Ave,40.7671284,-73.96224618,1076
3132,E 59 St & Madison Ave,40.76350532,-73.97109243,1961
3134,3 Ave & E 62 St,40.76312584,-73.96526895,1527
3135,E 75 St & 3 Ave,40.77112927,-73.95772297,1114
3136,5 Ave & E 63 St,40.766368,-73.971518,1176
3137,5 Ave & E 73 St,40.77282817,-73.96685276,3220
3139,E 72 St & Park Ave,40.77118288,-73.96409422,1378
3140,1 Ave & E 78 St,40.77140426,-73.9535166,2859
3141,1 Ave & E 68 St,40.76500525,-73.95818491,4116
3142,1 Ave & E 62 St,40.7612274,-73.96094022,3112
3143,5 Ave & E 78 St,40.77632142,-73.96427393,2490
3144,E 81 St & Park Ave,40.77677702,-73.9590097,509
3145,E 84 St & Park Ave,40.77862688,-73.95772073,1291
3146,E 81 St & 3 Ave,40.77573034,-73.9567526,1223
3147,E 85 St & 3 Ave,40.77801203,-73.95407149,2682
3148,E 84 St & 1 Ave,40.77565541,-73.95068615,1586
3150,E 85 St & York Ave,40.77536905,-73.94803392,1080
3151,E 81 St & York Ave,40.7728384,-73.94989233,1334
3152,3 Ave & E 71 St,40.76873687,-73.96119945,867
3155,Lexington Ave & E 63 St,40.76440023,-73.96648977,1508
3156,E 72 St & York Ave,40.76663814,-73.95348296,2004
3157,East End Ave & E 86 St,40.77518615,-73.94446054,555
3158,W 63 St & Broadway,40.77163851,-73.98261428,3567
3159,W 67 St & Broadway,40.77492513,-73.98266566,3322
3160,Central Park West & W 76 St,40.77896784,-73.97374737,2527
3161,W 76 St & Columbus Ave,40.78018397,-73.97728533,2582
3162,W 78 St & Broadway,40.78339981,-73.98093133,1820
3163,Central Park West & W 68 St,40.7734066,-73.97782542,4443
3164,Columbus Ave & W 72 St,40.7770575,-73.97898475,4674
3165,Central Park West & W 72 St,40.77579377,-73.97620574,4532
3166,Riverside Dr & W 72 St,40.78057799,-73.98562431,2040
3167,Amsterdam Ave & W 73 St,40.77966809,-73.98093045,3956
3168,Central Park West & W 85 St,40.78472675,-73.96961715,3418
3169,Riverside Dr & W 82 St,40.78720869,-73.98128127,1351
3170,W 84 St & Columbus Ave,40.78499979,-73.97283406,2375
3171,Amsterdam Ave & W 82 St,40.78524672,-73.97667321,2302
3172,W 74 St & Columbus Ave,40.7785669,-73.97754961,1721
3173,Riverside Blvd & W 67 St,40.77750703,-73.98888588,2111
3175,W 70 St & Amsterdam Ave,40.77748046,-73.98288594,2452
3176,W 64 St & West End Ave,40.77452835,-73.98753759,1797
3177,W 84 St & Broadway,40.7867947,-73.977112,1713
3178,Riverside Dr & W 78 St,40.78414472,-73.98362492,1155
3179,Park Ave & Marcus Garvey Blvd,40.698617,-73.941342,288
3180,Brooklyn Bridge Park - Pier 2,40.69878,-73.99712,1189
3221,47 Ave & 31 St,40.743,-73.93561,3
3223,E 55 St & 3 Ave,40.75899656,-73.96865398,253
3224,W 13 St & Hudson St,40.73997354,-74.00513873,2567
3226,W 82 St & Central Park West,40.78275,-73.97137,4703
3231,E 67 St & Park Ave,40.7678008,-73.96592081,2165
3232,Bond St & Fulton St,40.68962189,-73.98304269,885
3233,E 48 St & 5 Ave,40.75724568,-73.97805914,1468
3235,E 41 St & Madison Ave,40.75216528,-73.97992194,3960
3236,W 42 St & Dyer Ave,40.75898481,-73.99379969,1905
3239,Bressler,40.64653837,-74.01658773,3273
3240,NYCBS Depot BAL - DYR,40.75903008,-73.9938587,33
3241,Monroe St & Tompkins Ave,40.686203,-73.944694,552
3242,Schermerhorn St & Court St,40.69102926,-73.99183363,1271
3243,E 58 St & 1 Ave,40.75892386,-73.96226227,2041
3244,University Pl & E 8 St,40.73143724,-73.99490342,4278
3245,NYCBS DEPOT - DELANCEY,40.71644423,-73.98233056,1
3249,Verona Pl & Fulton St,40.68035608,-73.9476791,485
3254,Soissons Landing,40.69231661,-74.01486576,6
3255,8 Ave & W 31 St,40.75058535,-73.99468482,7257
3256,Pier 40 - Hudson River Park,40.72771408,-74.01129574,3838
3258,W 27 St & 10 Ave,40.75018156,-74.00218427,3583
3259,9 Ave & W 28 St,40.74937024,-73.99923384,2713
3260,Mercer St & Bleecker St,40.72706363,-73.99662137,3817
3263,Cooper Square & Astor Pl,40.72951496,-73.9907527,5534
3282,5 Ave & E 88 St,40.78307,-73.95939,3854
3283,W 89 St & Columbus Ave,40.7882213,-73.97041561,2106
3284,E 88 St & Park Ave,40.7814107,-73.95595908,839
3285,W 87 St & Amsterdam Ave,40.78839,-73.9747,1582
3286,E 89 St & 3 Ave,40.7806284,-73.9521667,1369
3288,E 88 St & 1 Ave,40.778301,-73.9488134,284
3289,W 90 St & Amsterdam Ave,40.79017948,-73.97288918,1144
3290,E 89 St & York Ave,40.7779453,-73.946041,1443
3292,5 Ave & E 93 St,40.7857851,-73.957481,1404
3293,W 92 St & Broadway,40.7921,-73.9739,1399
3294,E 91 St & Park Ave,40.7835016,-73.955327,912
3295,Central Park W & W 96 St,40.79127,-73.964839,2507
3296,E 93 St & 2 Ave,40.78245418,-73.94891962,737
3297,6 St & 7 Ave,40.6686627,-73.97988067,594
3298,Warren St & Court St,40.686371,-73.99383324,926
3299,E 98 St & Park Ave,40.78813,-73.95206,183
3300,Prospect Park West & 8 St,40.66514682,-73.97637606,1011
3301,Columbus Ave & W 95 St,40.7919557,-73.968087,2068
3302,Columbus Ave & W 103 St,40.7969347,-73.96434123,437
3303,Butler St & Court St,40.6849894,-73.99440329,623
3304,6 Ave & 9 St,40.668127,-73.98377641,864
3305,E 91 St & 2 Ave,40.7811223,-73.94965589,1742
3306,10 St & 7 Ave,40.6662078,-73.98199886,783
3307,West End Ave & W 94 St,40.7941654,-73.974124,1088
3308,Kane St & Clinton St,40.6861758,-73.99645295,964
3309,E 97 St & 3 Ave,40.7859201,-73.94860294,383
3310,14 St & 7 Ave,40.663779,-73.98396846,845
3311,Columbia St & Kane St,40.68763155,-74.0016256,821
3312,1 Ave & E 94 St,40.7817212,-73.94594,984
3313,6 Ave & 12 St,40.6663181,-73.9854617,532
3314,W 95 St & Broadway,40.7937704,-73.971888,1880
3315,Henry St & Degraw St,40.6847514,-73.99917254,1284
3316,W 104 St & Amsterdam Ave - 1,40.7989937,-73.96621738,931
3317,10 St & 5 Ave,40.6686273,-73.98700053,451
3318,2 Ave & E 96 St,40.7839636,-73.9471673,1677
3319,14 St & 5 Ave,40.666287,-73.98895053,724
3320,Central Park West & W 100 St,40.79406661,-73.96286845,1673
3321,Clinton St & Union St,40.6831164,-73.99785267,882
3322,12 St & 4 Ave,40.668603,-73.9904394,332
3323,W 106 St & Central Park West,40.7981856,-73.9605909,1493
3324,3 Ave & 14 St,40.6685455,-73.99333264,456
3325,E 95 St & 3 Ave,40.7849032,-73.950503,364
3326,Clinton St & Centre St,40.67434,-74.00194698,148
3327,3 Ave & E 100 St,40.7877214,-73.94728331,249
3328,W 100 St & Manhattan Ave,40.795,-73.9645,1094
3329,Degraw St & Smith St,40.6829151,-73.99318208,764
3330,Henry St & Bay St,40.6725058,-74.00494695,123
3331,Riverside Dr & W 104 St,40.8013434,-73.97114574,1123
3332,Degraw St & Hoyt St,40.68199044,-73.99079025,548
3333,Columbia St & Lorraine St,40.6747055,-74.0075572,45
3335,Union St & 4 Ave,40.6772744,-73.98282002,1170
3336,E 97 St & Madison Ave,40.787801,-73.953559,1303
3337,Dwight St & Van Dyke St,40.67363551,-74.01195556,187
3338,2 Ave & E 99 St,40.7862586,-73.94552579,418
3339,Berkeley Pl & 6 Ave,40.6765304,-73.97846879,667
3340,Wolcott St & Dwight St,40.6753274,-74.0100698,181
3341,Central Park West & W 102 St,40.795346,-73.96186,996
3342,Pioneer St & Richards St,40.6777748,-74.0094613,180
3343,W 107 St & Columbus Ave,40.7997568,-73.96211287,748
3344,Pioneer St & Van Brunt St,40.679043,-74.011169,544
3345,Madison Ave & E 99 St,40.78948542,-73.95242929,694
3346,Berkeley Pl & 7 Ave,40.67514684,-73.97523209,1283
3347,Van Brunt St & Wolcott St,40.6773429,-74.01275056,576
3348,Coffey St & Conover St,40.677236,-74.015665,425
3349,Grand Army Plaza & Plaza St West,40.6729679,-73.97087984,1998
3350,W 100 St & Broadway,40.7973721,-73.97041192,1797
3351,E 102 St & 1 Ave,40.7869946,-73.94164802,1307
3352,Sigourney St & Columbia St,40.67267243,-74.00879525,257
3354,3 St & Prospect Park West,40.668132,-73.97363831,1561
3355,E 66 St & Madison Ave,40.76800889,-73.96845281,834
3356,Amsterdam Ave & W 66 St,40.7746671,-73.98470567,1329
3357,W 106 St & Amsterdam Ave,40.8008363,-73.96644925,1040
3358,Garfield Pl & 8 Ave,40.6711978,-73.97484126,875
3359,E 68 St & Madison Ave,40.7691572,-73.96703464,899
3360,Amsterdam Ave & W 79 St,40.7829391,-73.9786517,2281
3361,Carroll St & 6 Ave,40.6740886,-73.9787282,955
3362,Madison Ave & E 82 St,40.7781314,-73.96069399,1562
3363,E 102 St & Park Ave,40.7904828,-73.95033068,454
3364,Carroll St & 5 Ave,40.6751622,-73.9814832,825
3365,3 St & 7 Ave,40.6703837,-73.97839676,1064
3366,West End Ave & W 107 St,40.8021174,-73.96818053,993
3367,5 Ave & E 103 St,40.7922553,-73.95249933,1615
3368,5 Ave & 3 St,40.6728155,-73.98352355,1106
3369,E 82 St & East End Ave,40.7724607,-73.9468208,939
3370,E 78 St & 2 Ave,40.7727966,-73.95577801,932
3371,4 Ave & 2 St,40.67461342,-73.98501143,414
3372,E 74 St & 1 Ave,40.7689738,-73.95482273,1736
3373,3 St & 3 Ave,40.6750705,-73.98775226,920
3374,Central Park North & Adam Clayton Powell Blvd,40.799484,-73.955613,2666
3375,3 Ave & E 72 St,40.7699426,-73.96060712,819
3376,E 65 St & 2 Ave,40.76471852,-73.9622207,1061
3377,Carroll St & Bond St,40.6786115,-73.99037292,922
3378,E 76 St & Park Ave,40.773763,-73.96222088,1401
3379,E 103 St & Lexington Ave,40.7903051,-73.94755757,749
3381,3 St & Hoyt St,40.6777287,-73.99364123,472
3382,Carroll St & Smith St,40.680611,-73.99475825,1376
3383,Cathedral Pkwy & Broadway,40.804213,-73.96699104,1505
3384,Smith St & 3 St,40.6787242,-73.99599099,875
3386,1 Pl & Clinton St,40.6809591,-73.99905709,702
3387,E 106 St & Madison Ave,40.7934337,-73.94945003,407
3388,President St & Henry St,40.6828003,-73.99990419,670
3389,Carroll St & Columbia St,40.6830456,-74.00348559,712
3390,E 109 St & 3 Ave,40.79329668,-73.9432083,386
3391,E 106 St & 1 Ave,40.7892529,-73.93956237,297
3392,Commerce St & Van Brunt St,40.6812117,-74.00860912,283
3393,Richards St & Delavan St,40.6794327,-74.00785041,294
3394,Columbia St & W 9 St,40.6769993,-74.00647134,73
3396,Clinton St & 4 Place,40.6783563,-74.00014502,793
3397,Court St & Nelson St,40.6763947,-73.99869893,712
3398,Smith St & 9 St,40.6746957,-73.99785768,945
3399,7 St & 3 Ave,40.67260298,-73.98983002,397
3400,E 110 St & Madison Ave,40.7961535,-73.94782145,746
3401,2 Ave & 9 St,40.6724811,-73.99331394,320
3402,Court St & State St,40.6902375,-73.99203074,1932
3403,4 Ave & 9 St,40.6705135,-73.98876585,685
3404,7 St & 5 Ave,40.6704922,-73.98541675,597
3405,5 St & 6 Ave,40.6704836,-73.98208968,535
3407,Union St & Nevins St,40.679098,-73.98765475,764
3408,Congress St & Clinton St,40.6881529,-73.99520919,1094
3409,Bergen St & Smith St,40.6867443,-73.99063168,2550
3410,Dean St & Hoyt St,40.6864442,-73.98759104,729
3411,Bond St & Bergen St,40.6849668,-73.98620772,959
3412,Pacific St & Nevins St,40.6853761,-73.98302136,714
3413,Wyckoff St & 3 Ave,40.6827549,-73.98258555,685
3414,Bergen St & Flatbush Ave,40.68094472,-73.97567332,1020
3415,Prospect Pl & 6 Ave,40.6793307,-73.97519523,709
3417,Baltic St & 5 Ave,40.6795766,-73.97854971,1020
3418,Plaza St West & Flatbush Ave,40.6750207,-73.97111473,1616
3419,Douglass St & 4 Ave,40.6792788,-73.98154004,833
3420,Douglass St & 3 Ave,40.6802133,-73.98432695,965
3421,Hoyt St & Warren St,40.6843549,-73.98901629,394
3422,Columbia St & Degraw St,40.6859296,-74.00242364,844
3423,West Drive & Prospect Park West,40.66106337,-73.97945255,2383
3424,E 106 St & Lexington Ave,40.791976,-73.945993,407
3425,2 Ave & E 104 St,40.7892105,-73.94370784,748
3427,Lafayette St & Jersey St,40.72430527,-73.99600983,4362
3429,Hanson Pl & Ashland Pl,40.68506807,-73.9779076,2955
3430,Richardson St & N Henry St,40.71907891,-73.9422369,947
3431,E 35 St & 3 Ave,40.746524,-73.977885,2313
3432,NYCBS Depot - GOW,40.66906014,-73.99463654,62
3434,W 88 St & West End Ave,40.79025417,-73.9771834,1234
3435,Grand St & Elizabeth St,40.718822,-73.99596,5061
3437,Riverside Dr & W 91 St,40.79313481,-73.97700369,957
3438,E 76 St & 3 Ave,40.77224854,-73.95842135,972
3440,Fulton St & Adams St,40.69241829,-73.98949474,2182
3441,10 Hudson Yards,40.752957,-74.00264,282
3443,W 52 St & 6 Ave,40.76132983,-73.97982001,4517
3447,E 71 St & 1 Ave,40.76703432,-73.9562273,1557
3449,Eckford St & Engert Ave,40.72146256,-73.94800901,469
3452,Bayard St & Leonard St,40.71915572,-73.94885391,681
3453,Devoe St & Lorimer St,40.71335226,-73.94910336,1046
3454,Leonard St & Maujer St,40.71036854,-73.94705951,651
3455,Schermerhorn St & 3 Ave,40.68680821,-73.98036182,767
3456,Jackson St & Leonard St,40.71638032,-73.94821286,233
3457,E 58 St & Madison Ave,40.76302594,-73.97209525,1377
3458,W 55 St & 6 Ave,40.76309387,-73.97835016,3324
3459,E 53 St & 3 Ave,40.75763228,-73.96930575,2036
3461,Murray St & Greenwich St,40.71485151,-74.01122332,2404
3462,E 44 St & 2 Ave,40.75118387,-73.97138715,1441
3463,E 16 St & Irving Pl,40.73536706,-73.98797393,2977
3466,W 45 St & 6 Ave (OLD),40.75668721,-73.98257732,2652
3468,NYCBS Depot - STY - Garage 4,40.7303801,-73.9747502,47
3469,India St & West St,40.73181402,-73.95995021,448
3472,W 15 St & 10 Ave,40.74275383,-74.00747359,2498
3474,6 Ave & Spring St,40.7252557,-74.00412083,2944
3477,39 St & 2 Ave - Citi Bike HQ at Industry City,40.65539977,-74.01062787,157
3478,2 Ave & 36 St - Citi Bike HQ at Industry City,40.65708867,-74.00870204,599
3479,Picnic Point,40.6851256,-74.02535319,2
3486,Schermerhorn St & Bond St,40.68841743,-73.98451656,1447
3489,Gold St & Frankfort St,40.71069995,-74.00354147,1046
3490,E 116 St & 2 Ave,40.796879,-73.937261,228
3491,E 118 St & 1 Ave,40.79747,-73.93504,309
3492,E 118 St & Park Ave,40.8005385,-73.9419949,102
3493,E 118 St & 3 Ave,40.799139,-73.9389152,288
3494,E 115 St & Lexington Ave,40.797911,-73.9423,330
3495,E 114 St & 1 Ave,40.7945663,-73.9362541,236
3496,1 Ave & E 110 St,40.7923272,-73.9383,646
3497,Pleasant Ave & E 116 St,40.7949879,-73.9333349,810
3498,Pleasant Ave & E 120 St,40.7974772,-73.9311847,210
3499,2 Ave & E 122 St,40.8006721,-73.9349,248
3500,E 115 St & Madison Ave,40.7989445,-73.944846,246
3501,E 118 St & Madison Ave,40.8014866,-73.9442507,269
3502,Lexington Ave & E 111 St,40.7954121,-73.9441232,387
3503,Madison Ave & E 120 St,40.80295,-73.942954,233
3504,E 123 St & Lexington Ave,40.8029263,-73.9379,296
3505,Lexington Ave & E 127 St,40.805726,-73.936322,146
3506,Lexington Ave & E 120 St,40.8013066,-73.9398167,185
3507,Park Ave & E 124 St,40.8045555,-73.9396861,1443
3508,St Nicholas Ave & Manhattan Ave,40.809725,-73.953149,1062
3509,Lenox Ave & W 115 St,40.8011939,-73.9500739,659
3510,Adam Clayton Powell Blvd & W 123 St,40.8078316,-73.949373,512
3511,Adam Clayton Powell Blvd & W 115 St,40.802535,-73.9532423,375
3512,27 Ave & 4 St,40.7747175,-73.9337894,58
3513,21 St & Hoyt Ave S,40.774645,-73.923706,173
3514,Astoria Park S & Shore Blvd,40.7767,-73.927631,436
3515,24 Ave & 26 St,40.774591,-73.918544,268
3516,31 St & Astoria Blvd,40.7699176,-73.9184057,831
3517,31 St & Hoyt Ave N,40.7711528,-73.9170074,399
3518,Lenox Ave & W 126 St,40.808442,-73.9452087,925
3520,Adam Clayton Powell Blvd & W 118 St,40.804372,-73.951475,366
3521,Lenox Ave & W 111 St,40.7987859,-73.9523,1686
3522,37 St & 24 Ave,40.7701477,-73.9120938,244
3523,24 Ave & 29 St,40.7729,-73.916142,238
3524,19 St & 24 Ave,40.7774552,-73.9225403,331
3525,23 Ave & 27 St,40.776165,-73.9153175,160
3526,31 St & 23 Ave,40.7747878,-73.9125551,787
3527,5 Ave & E 126 St,40.80698,-73.941747,260
3528,Steinway St & 23 Ave,40.7713937,-73.9077436,279
3529,Lenox Ave & W 130 St,40.8107922,-73.9430681,670
3530,Crescent St & Ditmars Blvd,40.7787185,-73.9145645,279
3531,Frederick Douglass Blvd & W 129 St,40.8125511,-73.9492286,386
3532,Ditmars Blvd & 19 St,40.78145,-73.9183302,463
3533,St. Nicholas Ave & W 126 St,40.8114323,-73.9518776,590
3534,Frederick Douglass Blvd & W 117 St,40.805159,-73.954692,1424
3535,Mt Morris Park W & W 120 St,40.804038,-73.945925,576
3536,W 116 St & Broadway,40.8082,-73.9641,1145
3537,Carlton Ave & Dean St,40.6809741,-73.9710097,667
3538,W 110 St & Amsterdam Ave,40.802692,-73.96295,1002
3539,W 116 St & Amsterdam Ave,40.8067581,-73.9607082,1436
3540,Morningside Ave & W 123 St,40.81,-73.9551508,456
3541,Amsterdam Ave & W 125 St,40.813358,-73.956461,353
3542,Amsterdam Ave & W 119 St,40.8086249,-73.9596214,800
3543,Morningside Dr & Amsterdam Ave,40.81028506,-73.95736456,263
3544,Underhill Ave & Pacific St,40.6804836,-73.9646795,635
3545,Broadway & W 122 St,40.8120562,-73.9612547,509
3546,Pacific St & Classon Ave,40.6791944,-73.9587903,282
3547,Broadway & Moylan Pl,40.8143256,-73.9590255,919
3549,Grand Ave & Bergen St,40.678045,-73.962408,740
3551,3 Ave & E 112 St,40.795508,-73.941606,229
3552,W 113 St & Broadway,40.805973,-73.964928,946
3553,Frederick Douglass Blvd & W 112 St,40.801694,-73.957145,1374
3554,Vernon Blvd & 41 Rd,40.7552433,-73.9485678,249
3555,28 St & 41 Ave,40.751047,-73.93797,558
3556,24 St & 41 Ave,40.7527085,-73.9397405,391
3557,40 Ave & 9 St,40.75742,-73.945133,61
3558,Bergen St & Vanderbilt Ave,40.6794388,-73.9680438,973
3559,21 St & 38 Ave,40.7576314,-73.9391224,82
3560,28 St & 38 Ave,40.754876,-73.934326,294
3561,37 Ave & 35 St,40.7531106,-73.9279917,272
3562,Classon Ave & St Marks Ave,40.6765198,-73.9596082,762
3563,28 St & 36 Ave,40.757186,-73.932719,351
3564,21 St & 36 Ave,40.7601853,-73.9362726,86
3565,36 Ave & 10 St,40.7614376,-73.9411265,293
3566,Crescent St & 35 Ave,40.7596276,-73.9321455,296
3567,11 St & 35 Ave,40.7627442,-73.9391141,79
3568,34 St & 35 Ave,40.7569332,-73.9262231,466
3569,Franklin Ave & St Marks Ave,40.6758324,-73.9561677,721
3570,35 Ave & 37 St,40.7557327,-73.9236611,414
3571,Bedford Ave & Bergen St,40.676368,-73.952918,635
3572,34 Ave & 38 St,40.756913,-73.921631,615
3573,35 St & 34 Ave,40.7580583,-73.9242751,241
3574,Prospect Pl & Underhill Ave,40.6769694,-73.96579,623
3575,Crescent St & 34 Ave,40.76108,-73.930562,266
3576,Park Pl & Vanderbilt Ave,40.6767,-73.969024,1188
3577,34 Ave & 21 St,40.7628138,-73.9342862,241
3578,Park Pl & Franklin Ave,40.6741806,-73.9564947,356
3579,Sterling Pl & Bedford Ave,40.672695,-73.954131,462
3580,St Johns Pl & Washington Ave,40.6737236,-73.9631611,704
3581,Underhill Ave & Lincoln Pl,40.6740123,-73.9671457,893
3582,Lincoln Pl & Classon Ave,40.6721683,-73.9609,327
3583,Eastern Pkwy & Washington Ave,40.6716493,-73.9631145,965
3584,Eastern Pkwy & Franklin Ave,40.6707767,-73.9576801,936
3585,Union St & Bedford Ave,40.6691783,-73.9554162,181
3586,34 Ave & 13 St,40.7638753,-73.9364848,94
3587,Carroll St & Washington Ave,40.6686744,-73.9618148,281
3588,Vernon Blvd & 10 St,40.7671863,-73.9373554,368
3589,Broadway & 12 St,40.7668,-73.9347774,237
3590,Carroll St & Franklin Ave,40.6679411,-73.9588,120
3591,21 St & 31 Dr,40.7659,-73.930819,322
3592,Crescent St & Broadway,40.7633589,-73.9286471,440
3593,31 St & Broadway,40.761584,-73.925921,1035
3595,35 St & Broadway,40.760339,-73.9222427,351
3596,Sullivan Pl & Bedford Ave,40.6642406,-73.9574686,65
3597,43 St & Broadway,40.7577284,-73.9166368,327
3598,Newton Rd & 44 St,40.7595701,-73.9142678,240
3599,Franklin Ave & Empire Blvd,40.66314,-73.9605695,757
3601,Sterling St & Bedford Ave,40.6627059,-73.9569115,163
3602,31 Ave & 34 St,40.763154,-73.920827,595
3603,31 Ave & 30 St,40.7647,-73.9240312,431
3604,Rogers Ave & Sterling St,40.6630619,-73.9538746,244
3605,31 Ave & Crescent St,40.7658346,-73.9265474,418
3606,49 Ave & 21 St,40.74252,-73.948852,259
3607,31 Ave & 14 St,40.7682,-73.9322662,223
3608,5 St & 51 Ave,40.7423737,-73.9566,244
3609,Vernon Blvd & 31 Ave,40.7692475,-73.9354504,304
3610,Vernon Blvd & 30 Rd,40.770845,-73.934171,390
3611,Vernon Blvd & 47 Rd,40.7449067,-73.9534573,595
3612,30 Ave & 21 St,40.7703743,-73.9286078,190
3613,Center Blvd & 48 Ave,40.745038,-73.957539,640
3614,Crescent St & 30 Ave,40.768692,-73.9249574,469
3615,44 Dr & 21 St,40.748,-73.9460927,663
3616,Steinway St & 28 Ave,40.7656251,-73.9136695,486
3617,28 Ave & 35 St,40.7671,-73.9169858,433
3618,27 St & Hunter St,40.7485,-73.941275,352
3619,Newtown Ave & 23 St,40.7713615,-73.9246145,311
3620,11 St & 43 Ave,40.7519071,-73.9479119,12
3621,27 Ave & 9 St,40.7739825,-73.9309134,187
3622,E 128 St & Madison Ave,40.80756,-73.939182,319
3623,W 120 St & Claremont Ave,40.8109494,-73.9634,681
3625,28 St & 40 Ave,40.7525758,-73.9364281,183
3628,Lenox Ave & W 117 St,40.8025566,-73.9490782,229
3629,Adam Clayton Powell Blvd & W 126 St,40.80949535,-73.94776493,381
3631,Crown St & Bedford Ave,40.666563,-73.956741,111
3632,E 12 St & Avenue B,40.72804857,-73.9788115,3222
3635,W 36 St & 9 Ave,40.75462324,-73.99516761,2716
3637,Fulton St & Waverly Ave,40.68323865,-73.96599591,1067
3641,Broadway & W 25 St,40.74286877,-73.98918629,5933
3643,E 41 St & 5 Ave,40.75272201,-73.98123622,1118
3644,Van Dyke St & Van Brunt St,40.67581623,-74.01488185,615
3646,35 Ave & 10 St,40.76315482,-73.9398551,170
3647,48 Ave & 30 Pl,40.74128309,-73.93725872,138
3648,Flushing Ave & Vanderbilt Ave,40.69795032,-73.9707756,960
3649,W 129 St & Convent Ave,40.81439444,-73.95324737,218
3653,31 St & 35 Ave,40.75820465,-73.9283216,317
3654,31 St & Northern Blvd,40.75186951,-73.9334929,230
3656,E 2 St & Avenue A,40.72307749,-73.98583621,2769
3658,W 18 St & 9 Ave,40.74353373,-74.00367558,2131
3659,W 17 St & 9 Ave,40.74294892,-74.00413692,2233
3660,W 16 St & 8 Ave,40.74102151,-74.00138497,5804
3661,Montgomery St & Franklin Ave,40.66643931,-73.96055639,129
3662,31 Ave & Steinway St,40.7612939,-73.91691685,355
3663,Sterling Pl & 7 Ave,40.67716489,-73.97382796,1183
3664,North Moore St & Greenwich St,40.72019521,-74.01030064,2759
3668,Leonard St & Nassau Ave,40.72395678,-73.94984365,944
3669,Henry St & W 9 St,40.67630358,-74.00314048,152
3671,E 81 St & 2 Ave,40.77477945,-73.95427465,1145
3673,Dean St & Franklin Ave,40.67759207,-73.95563722,107
3674,Jay St & York St,40.70140317,-73.9867267,2334
3680,E 43 St & 5 Ave,40.75412081,-73.98025185,558
